Name,Price,Rating,Description
"MOTOROLA Signature (PANTONE Martini Olive, 256 GB)","₹59,999",No Rating,12 GB RAM | 256 GB ROM17.27 cm (6.8 inch) Super HD Display50MP + 50MP + 50MP | 50MP Front Camera5200 mAh Battery8 Gen 5 Processor1 Year Warranty on Handset and 6 Months Warranty on Accessories
"MOTOROLA Signature (PANTONE Carbon, 256 GB)","₹59,999",No Rating,12 GB RAM | 256 GB ROM17.27 cm (6.8 inch) Super HD Display50MP + 50MP + 50MP | 50MP Front Camera5200 mAh Battery8 Gen 5 Processor1 Year Warranty on Handset and 6 Months Warranty on Accessories
"Xiaomi 14 CIVI (Hot Pink, 512 GB)","₹36,999",4.3,12 GB RAM | 512 GB ROM16.64 cm (6.55 inch) Display50MP Rear Camera | 32MP + 32MP Dual Front Camera4700 mAh Battery8s Gen 3 Mobile Platform Processor1 Year Manufacturer Warranty for Phone and 6 Months Warranty for In the Box Accessories
"Samsung Galaxy S24 5G Snapdragon (Cobalt Violet, 128 GB)","₹44,999",4.6,8 GB RAM | 128 GB ROM15.75 cm (6.2 inch) Full HD+ Display50MP + 12MP | 12MP Front Camera4000 mAh Battery8 Gen 3 Processor1 Year Manufacturer Warranty for Device and 6 Months for In-Box Accessories
"MOTOROLA Razr 60 (PANTONE Spring Bud, 256 GB)","₹49,999",4.4,8 GB RAM | 256 GB ROM17.53 cm (6.9 inch) Full HD+ Display50MP + 13MP | 32MP Front Camera4500 mAh BatteryDimensity 7400X Processor1 Year Warranty on Handset and 6 Months Warranty on Accessories
"OnePlus 15R 5G (Mint Breeze, 256 GB)","₹46,429",4.6,12 GB RAM | 256 GB ROM17.35 cm (6.83 inch) Display50MP Rear Camera7400 mAh Battery1 year manufacturer warranty for device and 6 months manufacturer warranty for in-box accessories including batteries from the date of purchase
"OnePlus 15R 5G (Charcoal Black, 256 GB)","₹46,313",4.6,12 GB RAM | 256 GB ROM17.35 cm (6.83 inch) Display50MP Rear Camera7400 mAh Battery1 year manufacturer warranty for device and 6 months manufacturer warranty for in-box accessories including batteries from the date of purchase
"OnePlus 13R 5G (Nebula Noir, 256 GB)","₹39,895",4.5,12 GB RAM | 256 GB ROM17.22 cm (6.78 inch) Display50MP Rear Camera6000 mAh Battery1 year manufacturer warranty for device and 1 year manufacturer warranty for in-box accessories including batteries from the date of purchase
"OnePlus Nord 5 5G (Phantom Grey, 512 GB)","₹40,011",4.5,12 GB RAM | 512 GB ROM17.35 cm (6.83 inch) Display50MP Rear Camera6800 mAh Battery1 Year Warranty
"Samsung Galaxy S24 5G Snapdragon (Marble Gray, 256 GB)","₹49,999",4.6,8 GB RAM | 256 GB ROM15.75 cm (6.2 inch) Full HD+ Display50MP + 12MP | 12MP Front Camera4000 mAh Battery8 Gen 3 Processor1 Year Manufacturer Warranty for Device and 6 Months for In-Box Accessories
"OnePlus 15R 5G (Electric Violet, 256 GB)","₹47,039",4.6,12 GB RAM | 256 GB ROM17.35 cm (6.83 inch) Display50MP Rear Camera7400 mAh Battery1 year manufacturer warranty for device and 6 months manufacturer warranty for in-box accessories including batteries from the date of purchase
"Samsung Galaxy S24 5G Snapdragon (Cobalt Violet, 256 GB)","₹49,999",4.6,8 GB RAM | 256 GB ROM15.75 cm (6.2 inch) Full HD+ Display50MP + 12MP | 12MP Front Camera4000 mAh Battery8 Gen 3 Processor1 Year Manufacturer Warranty for Device and 6 Months for In-Box Accessories
"OnePlus Nord 5 5G (Dry Ice, 256 GB)","₹35,557",4.5,12 GB RAM | 256 GB ROM17.35 cm (6.83 inch) Display50MP Rear Camera6800 mAh Battery1 Year Warranty
"Xiaomi 14 CIVI (Panda White, 512 GB)","₹59,999",4.3,12 GB RAM | 512 GB ROM16.64 cm (6.55 inch) Display50MP Rear Camera | 32MP + 32MP Dual Front Camera4700 mAh Battery8s Gen 3 Mobile Platform Processor1 Year Manufacturer Warranty for Phone and 6 Months Warranty for In the Box Accessories
"IQOO Neo 10 (Titanium Chrome, 512 GB)","₹45,880",4.7,16 GB RAM | 512 GB ROM17.22 cm (6.78 inch) Full HD+ E3 Super AMOLED Display50MP + 50MP + 8MP | 32MP + 32MP Dual Front Camera7000 mAh BatteryQualcomm ProcessorDomestic Warranty 1 year for handset and 6 months for accessories
"Samsung Galaxy S24 5G Snapdragon (Amber Yellow, 256 GB)","₹49,999",4.6,8 GB RAM | 256 GB ROM15.75 cm (6.2 inch) Full HD+ Display50MP + 12MP | 12MP Front Camera4000 mAh Battery8 Gen 3 Processor1 Year Manufacturer Warranty for Device and 6 Months for In-Box Accessories
"IQOO Neo 10 (Titanium Chrome, 256 GB)","₹40,390",4.5,12 GB RAM | 256 GB ROM17.22 cm (6.78 inch) Full HD+ E3 Super AMOLED Display50MP + 50MP + 8MP | 32MP + 32MP Dual Front Camera7000 mAh BatteryQualcomm ProcessorDomestic warranty 1 year for handset and 6 months for accessories
"IQOO Neo 10 (Inferno Red, 512 GB)","₹45,858",4.7,16 GB RAM | 512 GB ROM17.22 cm (6.78 inch) Full HD+ E3 Super AMOLED Display50MP + 50MP + 8MP | 32MP + 32MP Dual Front Camera7000 mAh BatteryQualcomm ProcessorDomestic warranty 1 year for handset and 6 months accessories
"vivo V40 Pro 5G (Ganges Blue, 256 GB)","₹44,999",4.5,8 GB RAM | 256 GB ROM17.22 cm (6.78 inch) Full HD+ Display50MP + 50MP + 50MP | 50MP Front Camera5500 mAh BatteryDimensity 9200+ Processor1 Year Warranty on Handset and 6 Months Warranty on Accessories
"OPPO Reno14 5G (Forest Green, 256 GB)","₹40,496",4.5,12 GB RAM | 256 GB ROM16.74 cm (6.59 inch) Display50MP + 8MP + 50MP | 50MP Front Camera6000 mAh BatteryDimensity 8350 Processor1 Year Manufacturer Warranty for Device and 6 Months Manufacturer Warranty for Inbox Accessories
"Samsung Galaxy S24 5G Snapdragon (Onyx Black, 256 GB)","₹49,999",4.6,8 GB RAM | 256 GB ROM15.75 cm (6.2 inch) Full HD+ Display50MP + 12MP | 12MP Front Camera4000 mAh Battery8 Gen 3 Processor1 Year Manufacturer Warranty for Device and 6 Months for In-Box Accessories
"OnePlus 11 5G (Eternal Green, 256 GB)","₹40,938",4.5,16 GB RAM | 256 GB ROM17.02 cm (6.7 inch) Display50MP Rear Camera5000 mAh Batterydomestic warranty of 12 months on phone & 6 months on accessories
"OnePlus Nord 5 5G (Marble Sands, 256 GB)","₹36,596",4.5,12 GB RAM | 256 GB ROM17.35 cm (6.83 inch) Display50MP Rear Camera6800 mAh Battery1 Year Warranty
"Apple iPhone 14 (Midnight, 128 GB)","₹54,900",4.6,"128 GB ROM15.49 cm (6.1 inch) Super Retina XDR Display12MP + 12MP | 12MP Front CameraA15 Bionic Chip, 6 Core Processor Processor1 year warranty for phone and 1 year warranty for in Box Accessories."
"Motorola Edge 50 Ultra 5G (Peach Fuzz, 512 GB)","₹49,999",4.3,12 GB RAM | 512 GB ROM17.02 cm (6.7 inch) Display50MP + 50MP + 64MP | 50MP Front Camera4500 mAh Battery8s Gen 3 Mobile Platform Processor1 Year on Handset and 6 Months on Accessories
"OPPO Reno14 5G (Forest Green, 256 GB)","₹40,000",4.5,8 GB RAM | 256 GB ROM16.74 cm (6.59 inch) Display50MP + 8MP + 50MP | 50MP Front Camera6000 mAh BatteryDimensity 8350 Processor1 Year Manufacturer Warranty for Device and 6 Months Manufacturer Warranty for Inbox Accessories
"MOTOROLA Signature (PANTONE Martini Olive, 256 GB)","₹59,999",No Rating,12 GB RAM | 256 GB ROM17.27 cm (6.8 inch) Super HD Display50MP + 50MP + 50MP | 50MP Front Camera5200 mAh Battery8 Gen 5 Processor1 Year Warranty on Handset and 6 Months Warranty on Accessories
"MOTOROLA Signature (PANTONE Carbon, 256 GB)","₹59,999",No Rating,12 GB RAM | 256 GB ROM17.27 cm (6.8 inch) Super HD Display50MP + 50MP + 50MP | 50MP Front Camera5200 mAh Battery8 Gen 5 Processor1 Year Warranty on Handset and 6 Months Warranty on Accessories
"Xiaomi 14 CIVI (Aqua Blue, 512 GB)","₹39,990",4.3,12 GB RAM | 512 GB ROM16.64 cm (6.55 inch) Display50MP Rear Camera | 32MP + 32MP Dual Front Camera4700 mAh Battery8s Gen 3 Mobile Platform Processor1 Year Manufacturer Warranty for Phone and 6 Months Warranty for In the Box Accessories
"OnePlus 12 (Glacial White, 256 GB)","₹46,288",4.6,12 GB RAM | 256 GB ROM17.32 cm (6.82 inch) Full HD+ AMOLED Display50MP Rear Camera5400 mAh BatteryQualcomm SM8650-AB Snapdragon 8 Gen 3 (4 nm) Processor1 Year manufacturer warranty for device and 1 year manufacturer warranty for in-box accessories including batteries from the date of purchase
"MOTOROLA Signature (PANTONE Martini Olive, 1 TB)","₹69,999",No Rating,16 GB RAM | 1 TB ROM17.27 cm (6.8 inch) Super HD Display50MP + 50MP + 50MP | 50MP Front Camera5200 mAh Battery8 Gen 5 Processor1 Year Warranty on Handset and 6 Months Warranty on Accessories
"IQOO Neo 10 (Inferno Red, 256 GB)","₹40,179",4.5,12 GB RAM | 256 GB ROM17.22 cm (6.78 inch) Full HD+ E3 Super AMOLED Display50MP + 50MP + 8MP | 32MP + 32MP Dual Front Camera7000 mAh BatteryQualcomm ProcessorDomestic warranty 1 year for handset and 6  months for accessories
"OnePlus 13R 5g (Astral Trail, 256 GB)","₹39,750",4.5,12 GB RAM | 256 GB ROM17.22 cm (6.78 inch) Display50MP Rear Camera6000 mAh Battery1 year manufacturer warranty for device and 1 year manufacturer warranty for in-box accessories including batteries from the date of purchase
"OnePlus Nord 5 5G (Phantom Grey, 256 GB)","₹36,129",4.5,12 GB RAM | 256 GB ROM17.35 cm (6.83 inch) Display50MP Rear Camera6800 mAh Battery1 Year Warranty
"vivo V40 Pro 5G (Titanium Grey, 256 GB)","₹44,999",4.5,8 GB RAM | 256 GB ROM17.22 cm (6.78 inch) Full HD+ Display50MP + 50MP + 50MP | 50MP Front Camera5500 mAh BatteryDimensity 9200+ Processor1 Year Warranty on Handset and 6 Months Warranty on Accessories
"OPPO Reno14 Pro 5G (Pearl White, 256 GB)","₹49,880",4.5,12 GB RAM | 256 GB ROM17.35 cm (6.83 inch) Full HD+ Display50MP + 50MP + 50MP | 50MP Front Camera6200 mAh BatteryDimensity 8450 Processor1 Year Manufacturer Warranty for Device and 6 Months Manufacturer Warranty for Inbox Accessories
"OnePlus 12R (Iron Gray, 128 GB)","₹36,999",4.5,8 GB RAM | 128 GB ROM17.22 cm (6.78 inch) Display50MP Rear Camera5500 mAh Battery1 Year Brand Warranty
"vivo V30 Pro 5G (Classic Black, 512 GB)","₹43,999",4.5,12 GB RAM | 512 GB ROM17.22 cm (6.78 inch) Full HD+ Display50MP + 50MP + 50MP | 50MP Front Camera5000 mAh BatteryDimensity 8200 5G Processor1 Year Manufacturer Warranty for Device and 6 Months Manufacturer Warranty for Inbox Accessories
"Google Pixel 8a (Bay, 128 GB)","₹49,999",4.3,8 GB RAM | 128 GB ROM15.49 cm (6.1 inch) Full HD+ Display64MP + 13MP | 13MP Front Camera4404 mAh BatteryTensor G3 Processor1 Year Domestic Warranty
"Google Pixel 8a (Porcelain, 128 GB)","₹49,999",4.3,8 GB RAM | 128 GB ROM15.49 cm (6.1 inch) Full HD+ Display64MP + 13MP | 13MP Front Camera4404 mAh BatteryTensor G3 Processor1 Year Domestic Warranty
"OnePlus 13 (Midnight Ocean, 256 GB)","₹61,899",4.5,"12 GB RAM | 256 GB ROM17.32 cm (6.82 inch) Quad HD+ Display50MP + 50MP + 50MP | 32MP Front Camera6000 mAh BatterySnapdragon® 8 Elite Processor1 Year Warranty
1 year manufacturer warranty for device and 1 year manufacturer warranty for in-box accessories including batteries from the date of purchase"
"Motorola Edge 50 Ultra 5G (Nordic Wood, 512 GB)","₹49,999",4.3,12 GB RAM | 512 GB ROM17.02 cm (6.7 inch) Display50MP + 50MP + 64MP | 50MP Front Camera4500 mAh Battery8s Gen 3 Mobile Platform Processor1 Year on Handset and 6 Months on Accessories
"vivo X80 (Cosmic Black, 128 GB)","₹49,221",4.4,8 GB RAM | 128 GB ROM17.22 cm (6.78 inch) Full HD+ Display50MP + 12MP + 12MP | 32MP Front Camera4500 mAh Lithium BatteryMediatek Dimensity 9000 Processor1 Year on Handset and 6 Months on Accessories
"Google Pixel 9 (Porcelain, 256 GB)","₹79,999",4.6,12 GB RAM | 256 GB ROM16.0 cm (6.3 inch) Display50MP + 48MP | 10.5MP Front Camera4700 mAh BatteryGoogle Tensor G4 Processor1 Year Domestic Warranty
"Samsung Galaxy A55 5G (Awesome Iceblue, 256 GB)","₹33,990",4.3,12 GB RAM | 256 GB ROM | Expandable Upto 1 TB16.76 cm (6.6 inch) Full HD+ Display50MP + 12MP + 5MP | 32MP Front Camera5000 mAh BatteryExynos 1480 Processor1 Year Manufacturer Warranty for Device and 6 Months for In-Box Accessories
"Google Pixel 6a (Chalk, 128 GB)","₹29,999",4.3,6 GB RAM | 128 GB ROM15.6 cm (6.14 inch) Full HD+ Display12.2MP + 12MP | 8MP Front Camera4410 mAh BatteryGoogle Tensor Processor1 Year Brand Warranty
"Samsung Galaxy S24 Exynos 5G (Amber Yellow, 128 GB)","₹49,999",4.6,8 GB RAM | 128 GB ROM15.75 cm (6.2 inch) Full HD+ Display50MP + 10MP + 12MP | 12MP Front Camera4000 mAh BatteryExynos 2400 Processor1 Year Manufacturer Warranty for Device and 6 Months for In-Box Accessories
"IQOO 12 5G (Alpha, 512 GB)","₹46,990",4.4,16 GB RAM | 512 GB ROM17.22 cm (6.78 inch) Display50MP Rear Camera5000 mAh Battery1 Year Brand Warranty
"Google Pixel 6a (Charcoal, 128 GB)","₹43,999",4.3,6 GB RAM | 128 GB ROM15.6 cm (6.14 inch) Full HD+ Display12.2MP + 12MP | 8MP Front Camera4410 mAh BatteryGoogle Tensor Processor1 Year Brand Warranty
"vivo V30 Pro 5G (Andaman Blue, 256 GB)","₹38,999",4.5,8 GB RAM | 256 GB ROM17.22 cm (6.78 inch) Full HD+ Display50MP + 50MP + 50MP | 50MP Front Camera5000 mAh BatteryDimensity 8200 5G Processor1 Year Manufacturer Warranty for Device and 6 Months Manufacturer Warranty for Inbox Accessories
"MOTOROLA Signature (PANTONE Martini Olive, 256 GB)","₹59,999",No Rating,12 GB RAM | 256 GB ROM17.27 cm (6.8 inch) Super HD Display50MP + 50MP + 50MP | 50MP Front Camera5200 mAh Battery8 Gen 5 Processor1 Year Warranty on Handset and 6 Months Warranty on Accessories
"MOTOROLA Signature (PANTONE Carbon, 256 GB)","₹59,999",No Rating,12 GB RAM | 256 GB ROM17.27 cm (6.8 inch) Super HD Display50MP + 50MP + 50MP | 50MP Front Camera5200 mAh Battery8 Gen 5 Processor1 Year Warranty on Handset and 6 Months Warranty on Accessories
"Samsung Galaxy S24 Exynos 5G (Cobalt Violet, 128 GB)","₹49,999",4.6,8 GB RAM | 128 GB ROM15.75 cm (6.2 inch) Full HD+ Display50MP + 10MP + 12MP | 12MP Front Camera4000 mAh BatteryExynos 2400 Processor1 Year Manufacturer Warranty for Device and 6 Months for In-Box Accessories
"Samsung Galaxy A36 5G (Awesome Lavender, 256 GB)","₹34,649",4.4,12 GB RAM | 256 GB ROM17.02 cm (6.7 inch) Full HD+ Display50MP + 8MP | 12MP Front Camera5000 mAh BatteryQualcomm Snapdragon 6 Gen 3 Processor1 Year Manufacturer Warranty for Device and 6 Months for In-Box Accessories
"OPPO Reno14 Pro 5G (Pearl White, 512 GB)","₹49,999",4.5,12 GB RAM | 512 GB ROM17.35 cm (6.83 inch) Full HD+ Display50MP + 50MP + 50MP | 50MP Front Camera6200 mAh BatteryDimensity 8450 Processor1 Year Manufacturer Warranty for Device and 6 Months Manufacturer Warranty for Inbox Accessories
"OPPO Reno 12 Pro 5G (Sunset Gold, 512 GB)","₹40,999",4.4,12 GB RAM | 512 GB ROM | Expandable Upto 1 TB17.02 cm (6.7 inch) Full HD+ Display50MP + 8MP + 50MP | 50MP Front Camera5000 mAh BatteryDimensity 7300 Energy Processor1 Year Manufacturer Warranty for Device and 6 Months Manufacturer Warranty for Inbox Accessories
"MOTOROLA Signature (PANTONE Martini Olive, 1 TB)","₹69,999",No Rating,16 GB RAM | 1 TB ROM17.27 cm (6.8 inch) Super HD Display50MP + 50MP + 50MP | 50MP Front Camera5200 mAh Battery8 Gen 5 Processor1 Year Warranty on Handset and 6 Months Warranty on Accessories
"OnePlus 12R (Iron Gray, 256 GB)","₹37,999",4.5,"8 GB RAM | 256 GB ROM17.22 cm (6.78 inch) Display50MP Rear Camera5500 mAh Battery1 Year Warranty
1 year manufacturer warranty for device and 1 year manufacturer warranty for in-box accessories including batteries from the date of purchase"
"OPPO Reno10 Pro 5G (Silvery Grey, 256 GB)","₹31,753",4.3,12 GB RAM | 256 GB ROM17.02 cm (6.7 inch) Full HD+ Display50MP + 32MP + 8MP | 32MP Front Camera4600 mAh BatterySnapdragon 778G 5G Processor1 Year Manufacturer Warranty for Phone and 6 Months Warranty for In the Box Accessories
"OPPO Reno 12 5G (Matte Brown, 256 GB)","₹43,999",4.4,8 GB RAM | 256 GB ROM | Expandable Upto 1 TB17.02 cm (6.7 inch) Full HD+ Display50MP + 8MP + 2MP | 32MP Front Camera5000 mAh BatteryDimensity 7300 Energy Processor1 Year Manufacturer Warranty for Device and 6 Months Manufacturer Warranty for Inbox Accessories
"Samsung Galaxy A55 5G (Awesome Navy, 256 GB)","₹31,999",4.3,12 GB RAM | 256 GB ROM | Expandable Upto 1 TB16.76 cm (6.6 inch) Full HD+ Display50MP + 12MP + 5MP | 32MP Front Camera5000 mAh BatterySamsung Exynos 1480 Processor1 Year Manufacturer Warranty for Device and 6 Months for In-Box Accessories
"Apple iPhone 15 (Green, 128 GB)","₹54,900",4.6,"128 GB ROM15.49 cm (6.1 inch) Super Retina XDR Display48MP + 12MP | 12MP Front CameraA16 Bionic Chip, 6 Core Processor Processor1 year warranty for phone and 1 year warranty for in Box Accessories."
"OPPO Reno 12 Pro 5G (Space Brown, 256 GB)","₹40,999",4.4,12 GB RAM | 256 GB ROM | Expandable Upto 1 TB17.02 cm (6.7 inch) Full HD+ Display50MP + 8MP + 50MP | 50MP Front Camera5000 mAh BatteryDimensity 7300 Energy Processor1 Year Manufacturer Warranty for Device and 6 Months Manufacturer Warranty for Inbox Accessories
"OnePlus 12R (Iron Grey, 256 GB)","₹40,483",4.5,16 GB RAM | 256 GB ROM17.22 cm (6.78 inch) Display50MP Rear Camera5500 mAh Battery1 Year Brand Warranty
"Google Pixel 9 (Wintergreen, 256 GB)","₹79,999",4.6,12 GB RAM | 256 GB ROM16.0 cm (6.3 inch) Display50MP + 48MP | 10.5MP Front Camera4700 mAh BatteryGoogle Tensor G4 Processor1 Year Domestic Warranty
"OPPO Reno11 Pro 5G (Rock Grey, 256 GB)","₹32,598",4.4,12 GB RAM | 256 GB ROM17.02 cm (6.7 inch) Full HD+ Display50MP + 8MP + 32MP | 32MP Front Camera4600 mAh BatteryMediatek Dimensity 8200 Processor1 Year Manufacturer Warranty for Device and 6 Months Manufacturer Warranty for Inbox Accessories
"vivo V30 Pro 5G (Andaman Blue, 512 GB)","₹43,999",4.5,12 GB RAM | 512 GB ROM17.22 cm (6.78 inch) Full HD+ Display50MP + 50MP + 50MP | 50MP Front Camera5000 mAh BatteryDimensity 8200 5G Processor1 Year Manufacturer Warranty for Device and 6 Months Manufacturer Warranty for Inbox Accessories
"vivo V50 5G Elite Edition (Rose Red, 512 GB)","₹44,990",4.5,12 GB RAM | 512 GB ROM17.2 cm (6.77 inch) Display50MP + 50MP | 50MP Front Camera6000 mAh Battery7 Gen 3 Processor1 Year Warranty on the Product and 6 Months Warranty on Inbox Accessories
"Samsung Galaxy S24 Exynos 5G (Marble Gray, 128 GB)","₹49,999",4.6,8 GB RAM | 128 GB ROM15.75 cm (6.2 inch) Full HD+ Display50MP + 10MP + 12MP | 12MP Front Camera4000 mAh BatteryExynos 2400 Processor1 Year Manufacturer Warranty for Device and 6 Months for In-Box Accessories
"Samsung Galaxy S24 Exynos 5G (Onyx Black, 128 GB)","₹49,999",4.6,8 GB RAM | 128 GB ROM15.75 cm (6.2 inch) Full HD+ Display50MP + 10MP + 12MP | 12MP Front Camera4000 mAh BatteryExynos 2400 Processor1 Year Manufacturer Warranty for Device and 6 Months for In-Box Accessories
"Samsung Galaxy S21 FE 5G with Snapdragon 888 (Lavender, 256 GB)","₹39,998",4.3,8 GB RAM | 256 GB ROM16.26 cm (6.4 inch) Full HD+ Display12MP + 12MP + 8MP (OIS) | 32MP Front Camera4500 mAh Lithium-ion BatterySnapdragon 888 Processor1 Year Manufacturer Warranty for Device and 6 Months Manufacturer Warranty for In-Box Accessories
"OPPO Reno10 Pro 5G (Glossy Purple, 256 GB)","₹31,753",4.3,12 GB RAM | 256 GB ROM17.02 cm (6.7 inch) Full HD+ Display50MP + 32MP + 8MP | 32MP Front Camera4600 mAh BatterySnapdragon 778G 5G Processor1 Year Manufacturer Warranty for Phone and 6 Months Warranty for In the Box Accessories
"Samsung Galaxy A36 5G (Awesome Lavender, 256 GB)","₹31,949",4.3,8 GB RAM | 256 GB ROM17.02 cm (6.7 inch) Full HD+ Display50MP + 8MP | 12MP Front Camera5000 mAh BatteryQualcomm Snapdragon 6 Gen 3 Processor1 Year Manufacturer Warranty for Device and 6 Months for In-Box Accessories
"Samsung Galaxy A54 5G (Awesome White, 256 GB)","₹45,999",4.3,"8 GB RAM | 256 GB ROM | Expandable Upto 1 TB16.26 cm (6.4 inch) Full HD+ Display50MP + 12MP + 5MP | 32MP Front Camera5000 mAh BatteryExynos 1380, Octa Core Processor1 Year Manufacturer Warranty for Device and 6 Months Manufacturer Warranty for In-Box Accessories"
"OnePlus 10T 5G (Jade Green, 256 GB)","₹34,999",4.1,12 GB RAM | 256 GB ROM17.02 cm (6.7 inch) Display50MP Rear Camera4800 mAh Battery1 year manufacturer warranty for device and 6 months manufacturer warranty for in-box accessories including batteries from the date of purchase
"Samsung Galaxy A36 5G (Awesome White, 256 GB)","₹31,949",4.3,8 GB RAM | 256 GB ROM17.02 cm (6.7 inch) Full HD+ Display50MP + 8MP | 12MP Front Camera5000 mAh BatteryQualcomm Snapdragon 6 Gen 3 Processor1 Year Manufacturer Warranty for Device and 6 Months for In-Box Accessories
"MOTOROLA Signature (PANTONE Martini Olive, 256 GB)","₹59,999",No Rating,12 GB RAM | 256 GB ROM17.27 cm (6.8 inch) Super HD Display50MP + 50MP + 50MP | 50MP Front Camera5200 mAh Battery8 Gen 5 Processor1 Year Warranty on Handset and 6 Months Warranty on Accessories
"MOTOROLA Signature (PANTONE Carbon, 256 GB)","₹59,999",No Rating,12 GB RAM | 256 GB ROM17.27 cm (6.8 inch) Super HD Display50MP + 50MP + 50MP | 50MP Front Camera5200 mAh Battery8 Gen 5 Processor1 Year Warranty on Handset and 6 Months Warranty on Accessories
"OnePlus 13 (Arctic Dawn, 256 GB)","₹63,885",4.5,12 GB RAM | 256 GB ROM17.32 cm (6.82 inch) Display50MP Rear Camera6000 mAh Battery1 year in handset and 6 months in accessories
"Samsung Galaxy S23 5G (Green, 128 GB)","₹89,999",4.6,8 GB RAM | 128 GB ROM15.49 cm (6.1 inch) Full HD+ Display50MP + 10MP + 12MP | 12MP Front Camera3900 mAh Lithium Ion BatteryQualcomm Snapdragon 8 Gen 2 Processor1 Year Manufacturer Warranty for Device and 6 Months Manufacturer Warranty for In-Box Accessories
"MOTOROLA Signature (PANTONE Martini Olive, 1 TB)","₹69,999",No Rating,16 GB RAM | 1 TB ROM17.27 cm (6.8 inch) Super HD Display50MP + 50MP + 50MP | 50MP Front Camera5200 mAh Battery8 Gen 5 Processor1 Year Warranty on Handset and 6 Months Warranty on Accessories
"Samsung Galaxy S23 5G (Phantom Black, 256 GB)","₹95,999",4.6,8 GB RAM | 256 GB ROM15.49 cm (6.1 inch) Full HD+ Display50MP + 10MP + 12MP | 12MP Front Camera3900 mAh Lithium Ion BatteryQualcomm Snapdragon 8 Gen 2 Processor1 Year Manufacturer Warranty for Device and 6 Months Manufacturer Warranty for In-Box Accessories
"OPPO Find N3 Flip (Cream Gold, 256 GB)","₹48,990",4.2,12 GB RAM | 256 GB ROM17.27 cm (6.8 inch) Full HD Display50MP + 48MP + 32MP | 32MP Front Camera4300 mAh BatteryMediatek Dimensity 9200 Processor1 Year Manufacturer Warranty for Phone and 6 Months Warranty for In the Box Accessories
"Samsung Galaxy A73 5G (Awesome Mint, 256 GB)","₹49,990",4.2,8 GB RAM | 256 GB ROM | Expandable Upto 1 TB17.02 cm (6.7 inch) Full HD+ Display108MP + 12MP + 5MP + 5MP | 32MP Front Camera5000 mAh Li-ion BatteryQualcomm Snapdragon 778G Processor1 Year Manufacturer Warranty for Device and 6 Months Manufacturer Warranty for In-Box
"OnePlus 11R 5G (Galactic Silver, 256 GB)","₹34,880",4.5,16 GB RAM | 256 GB ROM17.02 cm (6.7 inch) Display50MP Rear Camera | 16MP Front Camera5000 mAh BatteryDomestic warranty of 12 months on phone & 6 months on accessories
"Samsung Galaxy Z Flip7 5G (Coralred, 512 GB)","₹1,21,999",4.5,12 GB RAM | 512 GB ROM17.53 cm (6.9 inch) Full HD+ Display50MP + 12MP | 10MP Front Camera4300 mAh BatteryExynos 2500 Processor1 Year Manufacturer Warranty for Device and 6 Months for In-Box Accessories
"Samsung Galaxy S23 5G (Lavender, 256 GB)","₹95,999",4.6,8 GB RAM | 256 GB ROM15.49 cm (6.1 inch) Full HD+ Display50MP + 10MP + 12MP | 12MP Front Camera3900 mAh Lithium Ion BatteryQualcomm Snapdragon 8 Gen 2 Processor1 Year Manufacturer Warranty for Device and 6 Months Manufacturer Warranty for In-Box Accessories
"Samsung Galaxy A54 5G (Awesome Lime, 256 GB)","₹45,999",4.3,"8 GB RAM | 256 GB ROM | Expandable Upto 1 TB16.26 cm (6.4 inch) Full HD+ Display50MP + 12MP + 5MP | 32MP Front Camera5000 mAh BatteryExynos 1380, Octa Core Processor1 Year Manufacturer Warranty for Device and 6 Months Manufacturer Warranty for In-Box Accessories"
"Samsung Galaxy A73 5G (Awesome Gray, 128 GB)","₹47,490",4.2,8 GB RAM | 128 GB ROM | Expandable Upto 1 TB17.02 cm (6.7 inch) Full HD+ Display108MP + 12MP + 5MP + 5MP | 32MP Front Camera5000 mAh Li-ion BatteryQualcomm Snapdragon 778G Processor1 Year Manufacturer Warranty for Device and 6 Months Manufacturer Warranty for In-Box
"OnePlus 10T 5G (Jade Green, 128 GB)","₹31,299",4.3,"8 GB RAM | 128 GB ROM17.02 cm (6.7 inch) Display50MP Rear Camera4800 mAh Battery1 year on phone, 6 months on accessories"
"Google Pixel 7 (Obsidian, 128 GB)","₹33,999",4.3,8 GB RAM | 128 GB ROM16.0 cm (6.3 inch) Full HD+ Display50MP + 12MP | 10.8MP Front Camera4270 mAh BatteryGoogle Tensor G2 Processor1 Year Domestic Warranty
"OPPO Reno10 Pro+ 5G (Silvery Grey, 256 GB)","₹59,999",4.5,12 GB RAM | 256 GB ROM17.12 cm (6.74 inch) Full HD+ Display50MP + 64MP + 8MP | 32MP Front Camera4700 mAh BatterySnapdragon 8+ Gen 1 Processor1 Year Manufacturer Warranty for Phone and 6 Months Warranty for In the Box Accessories
"Samsung Galaxy S7 (Gold Platinum, 32 GB)","₹46,000",4.4,4 GB RAM | 32 GB ROM | Expandable Upto 200 GB12.95 cm (5.1 inch) Quad HD Display12MP Rear Camera | 5MP Front Camera3000 mAh Li-Ion BatteryExynos 8890 Octa Core 2.3GHz ProcessorBrand Warranty of 1 Year Available for Mobile and 6 Months for Accessories
"Apple iPhone 8 Plus (Gold, 64 GB)","₹49,900",4.6,"64 GB ROM13.97 cm (5.5 inch) Retina HD Display12MP + 12MP | 7MP Front CameraA11 Bionic Chip with 64-bit Architecture, Neural Engine, Embedded M11 Motion Coprocessor ProcessorBrand Warranty of 1 Year"
"Apple iPhone 8 Plus (Silver, 64 GB)","₹49,900",4.6,"64 GB ROM13.97 cm (5.5 inch) Retina HD Display12MP + 12MP | 7MP Front CameraA11 Bionic Chip with 64-bit Architecture, Neural Engine, Embedded M11 Motion Coprocessor ProcessorBrand Warranty of 1 Year"
"IQOO 3 (5G) (Tornado Black, 256 GB)","₹46,990",4.4,"12 GB RAM | 256 GB ROM16.36 cm (6.44 inch) Full HD+ Display48MP + 13MP + 13MP + 2MP | 16MP Front Camera4440 mAh Li-ion BatteryQualcomm Snapdragon 865 ProcessorIn-Display Fingerprint Sensor, Monster Touch Buttons55 W Super Flash ChargeSuper AMOLED DisplayBrand Warranty of 1 Year Available for Mobile and Accessories"
"MOTOROLA Signature (PANTONE Martini Olive, 256 GB)","₹59,999",No Rating,12 GB RAM | 256 GB ROM17.27 cm (6.8 inch) Super HD Display50MP + 50MP + 50MP | 50MP Front Camera5200 mAh Battery8 Gen 5 Processor1 Year Warranty on Handset and 6 Months Warranty on Accessories
"MOTOROLA Signature (PANTONE Carbon, 256 GB)","₹59,999",No Rating,12 GB RAM | 256 GB ROM17.27 cm (6.8 inch) Super HD Display50MP + 50MP + 50MP | 50MP Front Camera5200 mAh Battery8 Gen 5 Processor1 Year Warranty on Handset and 6 Months Warranty on Accessories
"Apple iPhone XR (White, 64 GB) (Includes EarPods, Power Adapter)","₹47,900",4.6,64 GB ROM15.49 cm (6.1 inch) Display12MP Rear Camera | 7MP Front CameraA12 Bionic Chip ProcessoriOS 13 Compatible1 year warranty for phone and 1 year warranty for in Box Accessories.
"MOTOROLA Edge 60 Pro (Pantone Shadow, 512 GB)","₹36,999",4.4,16 GB RAM | 512 GB ROM17.02 cm (6.7 inch) Display50MP + 50MP + 10MP | 50MP Front Camera6000 mAh BatteryDimensity 8350 Processor1 Year Warranty on Handset and 6 Months Warranty on Accessories
"MOTOROLA Signature (PANTONE Martini Olive, 1 TB)","₹69,999",No Rating,16 GB RAM | 1 TB ROM17.27 cm (6.8 inch) Super HD Display50MP + 50MP + 50MP | 50MP Front Camera5200 mAh Battery8 Gen 5 Processor1 Year Warranty on Handset and 6 Months Warranty on Accessories
V-TAN Back Cover for Vivo V27 5G,₹247,3.7,Suitable For: MobileMaterial: Thermoplastic PolyurethaneTheme: No ThemeType: Back CoverNA
"MOTOROLA Edge 60 Pro (Pantone Sparkling Grape, 512 GB)","₹36,999",4.4,16 GB RAM | 512 GB ROM17.02 cm (6.7 inch) Display50MP + 50MP + 10MP | 50MP Front Camera6000 mAh BatteryDimensity 8350 Processor1 Year Warranty on Handset and 6 Months Warranty on Accessories
"realme 16 Pro+ 5G (Master Gold, 256 GB)","₹41,999",4.5,8 GB RAM | 256 GB ROM17.27 cm (6.8 inch) Full HD+ AMOLED Display200MP + 50MP + 8MP | 50MP Front Camera7000 mAh Battery7 Gen 4 Processor1 Year Manufacturer Warranty for Phone and 6 Months Warranty for In-Box Accessories
"Google Pixel 9A (Obsidian, 256 GB)","₹39,999",4.5,8 GB RAM | 256 GB ROM15.96 cm (6.285 inch) Full HD+ Display48MP + 12MP | 12MP Front Camera5100 mAh BatteryTensor G4 Processor1 Year Domestic Warranty
"realme 16 Pro+ 5G (Master Gold, 256 GB)","₹44,999",4.7,12 GB RAM | 256 GB ROM17.27 cm (6.8 inch) Full HD+ AMOLED Display200MP + 50MP + 8MP | 50MP Front Camera7000 mAh Battery7 Gen 4 Processor1 Year Manufacturer Warranty for Phone and 6 Months Warranty for In-Box Accessories
"vivo V60 5G (Auspicious Gold, 512 GB)","₹45,999",4.5,16 GB RAM | 512 GB ROM17.2 cm (6.77 inch) Display50MP + 8MP + 50MP | 50MP Front Camera6500 mAh Battery7 Gen 4 Processor1 Year Manufacturer Warranty for Device and 6 Months Manufacturer Warranty for Inbox Accessories
"vivo V60 5G (Mist Gray, 512 GB)","₹45,999",4.5,16 GB RAM | 512 GB ROM17.2 cm (6.77 inch) Display50MP + 8MP + 50MP | 50MP Front Camera6500 mAh Battery7 Gen 4 Processor1 Year Manufacturer Warranty for Device and 6 Months Manufacturer Warranty for Inbox Accessories
"vivo V60 5G (Mist Gray, 256 GB)","₹40,999",4.5,12 GB RAM | 256 GB ROM17.2 cm (6.77 inch) Display50MP + 8MP + 50MP | 50MP Front Camera6500 mAh Battery7 Gen 4 Processor1 Year Manufacturer Warranty for Device and 6 Months Manufacturer Warranty for Inbox Accessories
"OnePlus 11 5G (Marble Odyssey, 256 GB)","₹39,999",4.5,16 GB RAM | 256 GB ROM17.02 cm (6.7 inch) Display50MP Rear Camera5000 mAh Battery1 Year Warranty For Phone and 6 Months Warranty for in-box Accessories
"Samsung Galaxy S23 5G (Green, 128 GB)","₹47,999",4.6,8 GB RAM | 128 GB ROM15.49 cm (6.1 inch) Full HD+ Display50MP + 10MP + 12MP | 12MP Front Camera3900 mAh Lithium Ion BatteryQualcomm Snapdragon 8 Gen 2 Processor1 Year Manufacturer Warranty for Device and 6 Months Manufacturer Warranty for In-Box Accessories
"Google Pixel 8a (Aloe, 128 GB)","₹49,999",4.3,8 GB RAM | 128 GB ROM15.49 cm (6.1 inch) Full HD+ Display64MP + 13MP | 13MP Front Camera4404 mAh BatteryTensor G3 Processor1 Year Domestic Warranty
"Apple iPhone 12 (Blue, 64 GB)","₹49,900",4.6,"64 GB ROM15.49 cm (6.1 inch) Super Retina XDR Display12MP + 12MP | 12MP Front CameraA14 Bionic Chip with Next Generation Neural Engine ProcessorCeramic ShieldIndustry-leading IP68 Water ResistanceAll Screen OLED Display12MP TrueDepth Front Camera with Night Mode, 4K Dolby Vision HDR Recording1 year warranty for phone and 1 year warranty for in Box Accessories."
"Google Pixel 9 (Peony, 256 GB)","₹79,999",4.6,12 GB RAM | 256 GB ROM16.0 cm (6.3 inch) Display50MP + 48MP | 10.5MP Front Camera4700 mAh BatteryGoogle Tensor G4 Processor1 Year Domestic Warranty
"Apple iPhone 12 (Green, 64 GB)","₹49,900",4.6,"64 GB ROM15.49 cm (6.1 inch) Super Retina XDR Display12MP + 12MP | 12MP Front CameraA14 Bionic Chip with Next Generation Neural Engine ProcessorCeramic ShieldIndustry-leading IP68 Water ResistanceAll Screen OLED Display12MP TrueDepth Front Camera with Night Mode, 4K Dolby Vision HDR Recording1 year warranty for phone and 1 year warranty for in Box Accessories."
"MOTOROLA razr 40 (Sage Green, 256 GB)","₹41,999",3.9,8 GB RAM | 256 GB ROM17.53 cm (6.9 inch) Display64MP Rear Camera4200 mAh BatteryBrand Warranty of 1 Year Available for Mobile and 6 Months for Accessories
"Samsung Galaxy Z Flip6 5G (Silver Shadow, 512 GB)","₹1,01,999",4.3,12 GB RAM | 512 GB ROM17.02 cm (6.7 inch) Full HD+ Display50MP + 12MP | 10MP Front Camera4000 mAh Lithium ion BatterySnapdragon 8 Gen 3 Processor1 Year Manufacturer Warranty for Device and 6 Months for In-Box Accessories
"Apple iPhone 11 (Yellow, 64 GB)","₹43,900",4.6,64 GB ROM15.49 cm (6.1 inch) Liquid Retina HD Display12MP + 12MP | 12MP Front CameraA13 Bionic Chip Processor1 year warranty for phone and 1 year warranty for in Box Accessories.
"Apple iPhone 11 (Purple, 64 GB)","₹43,900",4.6,64 GB ROM15.49 cm (6.1 inch) Liquid Retina HD Display12MP + 12MP | 12MP Front CameraA13 Bionic Chip Processor1 year warranty for phone and 1 year warranty for in Box Accessories.
"MOTOROLA Signature (PANTONE Martini Olive, 256 GB)","₹59,999",No Rating,12 GB RAM | 256 GB ROM17.27 cm (6.8 inch) Super HD Display50MP + 50MP + 50MP | 50MP Front Camera5200 mAh Battery8 Gen 5 Processor1 Year Warranty on Handset and 6 Months Warranty on Accessories
"MOTOROLA Signature (PANTONE Carbon, 256 GB)","₹59,999",No Rating,12 GB RAM | 256 GB ROM17.27 cm (6.8 inch) Super HD Display50MP + 50MP + 50MP | 50MP Front Camera5200 mAh Battery8 Gen 5 Processor1 Year Warranty on Handset and 6 Months Warranty on Accessories
"Samsung Galaxy S24 FE 5G (Graphite, 128 GB)","₹35,999",4.5,8 GB RAM | 128 GB ROM17.02 cm (6.7 inch) Full HD+ Display50MP + 12MP + 8MP | 10MP Front Camera4700 mAh BatteryExynos 2400e Processor1 Year Manufacturer Warranty for Device and 6 Months for In-Box Accessories
"OnePlus Nord 5 5G (Dry Ice, 256 GB)","₹35,557",4.5,12 GB RAM | 256 GB ROM17.35 cm (6.83 inch) Display50MP Rear Camera6800 mAh Battery1 Year Warranty
"Samsung Galaxy S24 FE 5G (Mint, 256 GB)","₹39,999",4.5,8 GB RAM | 256 GB ROM17.02 cm (6.7 inch) Full HD+ Display50MP + 12MP + 8MP | 10MP Front Camera4700 mAh BatteryExynos 2400e Processor1 Year Manufacturer Warranty for Device and 6 Months for In-Box Accessories
"Samsung Galaxy S24 FE 5G (Blue, 256 GB)","₹39,999",4.5,8 GB RAM | 256 GB ROM17.02 cm (6.7 inch) Full HD+ Display50MP + 12MP + 8MP | 10MP Front Camera4700 mAh BatteryExynos 2400e Processor1 Year Manufacturer Warranty for Device and 6 Months for In-Box Accessories
"MOTOROLA Signature (PANTONE Martini Olive, 1 TB)","₹69,999",No Rating,16 GB RAM | 1 TB ROM17.27 cm (6.8 inch) Super HD Display50MP + 50MP + 50MP | 50MP Front Camera5200 mAh Battery8 Gen 5 Processor1 Year Warranty on Handset and 6 Months Warranty on Accessories
V-TAN Back Cover for Vivo V27 5G,₹247,3.7,Suitable For: MobileMaterial: Thermoplastic PolyurethaneTheme: No ThemeType: Back CoverNA
"Samsung Galaxy S24 FE 5G (Mint, 128 GB)","₹35,999",4.5,8 GB RAM | 128 GB ROM17.02 cm (6.7 inch) Full HD+ Display50MP + 12MP + 8MP | 10MP Front Camera4700 mAh BatteryExynos 2400e Processor1 Year Manufacturer Warranty for Device and 6 Months for In-Box Accessories
"Samsung Galaxy S24 FE 5G (Blue, 128 GB)","₹35,999",4.5,8 GB RAM | 128 GB ROM17.02 cm (6.7 inch) Full HD+ Display50MP + 12MP + 8MP | 10MP Front Camera4700 mAh BatteryExynos 2400e Processor1 Year Manufacturer Warranty for Device and 6 Months for In-Box Accessories
"MOTOROLA Signature (PANTONE Carbon, 512 GB)","₹64,999",No Rating,16 GB RAM | 512 GB ROM17.27 cm (6.8 inch) Super HD Display50MP + 50MP + 50MP | 50MP Front Camera5200 mAh Battery8 Gen 5 Processor1 Year Warranty on Handset and 6 Months Warranty on Accessories
"realme 16 Pro 5G (Master Gold, 256 GB)","₹36,999",4.4,12 GB RAM | 256 GB ROM17.22 cm (6.78 inch) Full HD+ Display200MP + 8MP | 50MP Front Camera7000 mAh BatteryDimensity 7300 Max Processor1 Year Manufacturer Warranty for Phone and 6 Months Warranty for In-Box Accessories
"OnePlus Nord 5 5G (Phantom Grey, 256 GB)","₹36,129",4.5,12 GB RAM | 256 GB ROM17.35 cm (6.83 inch) Display50MP Rear Camera6800 mAh Battery1 Year Warranty
"realme 16 Pro 5G (Orchid Purple, 256 GB)","₹36,999",4.4,12 GB RAM | 256 GB ROM17.22 cm (6.78 inch) Full HD+ Display200MP + 8MP | 50MP Front Camera7000 mAh BatteryDimensity 7300 Max Processor1 Year Manufacturer Warranty for Phone and 6 Months Warranty for In-Box Accessories
"realme 16 Pro 5G (Pebble Grey, 256 GB)","₹36,999",4.4,12 GB RAM | 256 GB ROM17.22 cm (6.78 inch) Full HD+ Display200MP + 8MP | 50MP Front Camera7000 mAh BatteryDimensity 7300 Max Processor1 Year Manufacturer Warranty for Phone and 6 Months Warranty for In-Box Accessories
"realme 16 Pro+ 5G (Master Gold, 128 GB)","₹39,999",4.5,8 GB RAM | 128 GB ROM17.27 cm (6.8 inch) Full HD+ AMOLED Display200MP + 50MP + 8MP | 50MP Front Camera7000 mAh Battery7 Gen 4 Processor1 Year Manufacturer Warranty for Phone and 6 Months Warranty for In-Box Accessories
"realme Gt 7 (Icesense Blue, 256 GB)","₹36,999",4.3,12 GB RAM | 256 GB ROM17.22 cm (6.78 inch) Full HD+ AMOLED Display50MP + 50MP + 50MP + 8MP | 32MP + 32MP Dual Front Camera7000 mAh BatteryDimensity Processor1 Year manufacturer Warranty for handset & 6 months for accessories
"vivo T4 Ultra 5G (Meteor Grey, 256 GB)","₹35,999",4.5,8 GB RAM | 256 GB ROM16.94 cm (6.67 inch) Full HD+ AMOLED Display50MP + 8MP + 50MP Periscope | 32MP Front Camera5500 mAh BatteryDimensity 9300+ Processor1 Year Warranty on the Product and 6 Months Warranty on Inbox Accessories
"vivo T4 Ultra 5G (Phoenix Gold, 256 GB)","₹35,999",4.5,8 GB RAM | 256 GB ROM16.94 cm (6.67 inch) Full HD+ AMOLED Display50MP + 8MP + 50MP Periscope | 32MP Front Camera5500 mAh BatteryDimensity 9300+ Processor1 Year Warranty on the Product and 6 Months Warranty on Inbox Accessories
"vivo T4 Ultra 5G (Phoenix Gold, 256 GB)","₹37,999",4.5,12 GB RAM | 256 GB ROM16.94 cm (6.67 inch) Full HD+ AMOLED Display50MP + 8MP + 50MP Periscope | 32MP Front Camera5500 mAh BatteryDimensity 9300+ Processor1 Year Warranty on the Product and 6 Months Warranty on Inbox Accessories
"vivo T4 Ultra 5G (Phoenix Gold, 512 GB)","₹39,999",4.5,12 GB RAM | 512 GB ROM16.94 cm (6.67 inch) Full HD+ AMOLED Display50MP + 8MP + 50MP Periscope | 32MP Front Camera5500 mAh BatteryDimensity 9300+ Processor1 Year Warranty on the Product and 6 Months Warranty on Inbox Accessories
"IQOO Neo 10 (Titanium Chrome, 256 GB)","₹38,389",4.6,8 GB RAM | 256 GB ROM17.22 cm (6.78 inch) Full HD+ E3 Super AMOLED Display50MP + 50MP + 8MP | 32MP + 32MP Dual Front Camera7000 mAh BatteryQualcomm ProcessorDomestic warranty 1 year for handset and 6months for accessories
"vivo T4 Ultra 5G (Meteor Grey, 256 GB)","₹37,999",4.5,12 GB RAM | 256 GB ROM16.94 cm (6.67 inch) Full HD+ AMOLED Display50MP + 8MP + 50MP Periscope | 32MP Front Camera5500 mAh BatteryDimensity 9300+ Processor1 Year Warranty on the Product and 6 Months Warranty on Inbox Accessories
"IQOO Neo 10 (Inferno Red, 256 GB)","₹37,598",4.6,8 GB RAM | 256 GB ROM17.22 cm (6.78 inch) Full HD+ E3 Super AMOLED Display50MP + 50MP + 8MP | 32MP + 32MP Dual Front Camera7000 mAh BatteryQualcomm ProcessorDomestic warranty 1 year for handset and 6 months for accessories
"IQOO Neo 10R 5G (Raging Blue, 256 GB)","₹32,218",4.5,12 GB RAM | 256 GB ROM17.22 cm (6.78 inch) Display50MP Rear Camera6400 mAh Battery1 Year Manufacturer Warranty for Phone and 6 Months Warranty for In the Box Accessories
"MOTOROLA Edge 60 Pro (Pantone Dazzling Blue, 512 GB)","₹36,999",4.4,16 GB RAM | 512 GB ROM17.02 cm (6.7 inch) Display50MP + 50MP + 10MP | 50MP Front Camera6000 mAh BatteryDimensity 8350 Processor1 Year Warranty on Handset and 6 Months Warranty on Accessories
"MOTOROLA Signature (PANTONE Martini Olive, 256 GB)","₹59,999",No Rating,12 GB RAM | 256 GB ROM17.27 cm (6.8 inch) Super HD Display50MP + 50MP + 50MP | 50MP Front Camera5200 mAh Battery8 Gen 5 Processor1 Year Warranty on Handset and 6 Months Warranty on Accessories
"MOTOROLA Signature (PANTONE Carbon, 256 GB)","₹59,999",No Rating,12 GB RAM | 256 GB ROM17.27 cm (6.8 inch) Super HD Display50MP + 50MP + 50MP | 50MP Front Camera5200 mAh Battery8 Gen 5 Processor1 Year Warranty on Handset and 6 Months Warranty on Accessories
"Samsung Galaxy A55 5G (Awesome Iceblue, 256 GB)","₹29,899",4.4,8 GB RAM | 256 GB ROM | Expandable Upto 1 TB16.76 cm (6.6 inch) Full HD+ Display50MP + 12MP + 5MP | 32MP Front Camera5000 mAh BatterySamsung Exynos 1480 Processor1 Year Manufacturer Warranty for Device and 6 Months for In-Box Accessories
"Samsung Galaxy A36 5G (Awesome Black, 256 GB)","₹31,949",4.3,8 GB RAM | 256 GB ROM17.02 cm (6.7 inch) Full HD+ Display50MP + 8MP | 12MP Front Camera5000 mAh BatteryQualcomm Snapdragon 6 Gen 3 Processor1 Year Manufacturer Warranty for Device and 6 Months for In-Box Accessories
"MOTOROLA Signature (PANTONE Martini Olive, 1 TB)","₹69,999",No Rating,16 GB RAM | 1 TB ROM17.27 cm (6.8 inch) Super HD Display50MP + 50MP + 50MP | 50MP Front Camera5200 mAh Battery8 Gen 5 Processor1 Year Warranty on Handset and 6 Months Warranty on Accessories
V-TAN Back Cover for Vivo V27 5G,₹247,3.7,Suitable For: MobileMaterial: Thermoplastic PolyurethaneTheme: No ThemeType: Back CoverNA
"Samsung Galaxy A55 5G (Awesome Iceblue, 256 GB)","₹33,990",4.3,12 GB RAM | 256 GB ROM | Expandable Upto 1 TB16.76 cm (6.6 inch) Full HD+ Display50MP + 12MP + 5MP | 32MP Front Camera5000 mAh BatteryExynos 1480 Processor1 Year Manufacturer Warranty for Device and 6 Months for In-Box Accessories
"realme 15 Pro 5G (Flowing Silver, 512 GB)","₹38,999",4.4,12 GB RAM | 512 GB ROM17.27 cm (6.8 inch) Display50MP + 50MP | 50MP Front Camera7000 mAh BatterySnapdragon 7 Gen 4 Processor1 Year Manufacturer Warranty for Device and 6 Months Manufacturer Warranty for Inbox Accessories
"realme 15 Pro 5G (Silk Purple, 256 GB)","₹35,999",4.4,12 GB RAM | 256 GB ROM17.27 cm (6.8 inch) Display50MP + 50MP | 50MP Front Camera7000 mAh BatterySnapdragon 7 Gen 4 Processor1 Year Manufacturer Warranty for Device and 6 Months Manufacturer Warranty for Inbox Accessories
"realme 15 Pro 5G (Flowing Silver, 256 GB)","₹35,999",4.4,12 GB RAM | 256 GB ROM17.27 cm (6.8 inch) Display50MP + 50MP | 50MP Front Camera7000 mAh BatterySnapdragon 7 Gen 4 Processor1 Year Manufacturer Warranty for Device and 6 Months Manufacturer Warranty for Inbox Accessories
"MOTOROLA Signature (PANTONE Carbon, 512 GB)","₹64,999",No Rating,16 GB RAM | 512 GB ROM17.27 cm (6.8 inch) Super HD Display50MP + 50MP + 50MP | 50MP Front Camera5200 mAh Battery8 Gen 5 Processor1 Year Warranty on Handset and 6 Months Warranty on Accessories
"OPPO K13 Turbo Pro 5G (Purple Phantom, 256 GB)","₹36,999",4.4,12 GB RAM | 256 GB ROM17.27 cm (6.8 inch) Full HD+ Display50MP + 2MP | 16MP Front Camera7000 mAh Battery8s Gen 4 Mobile Platform Processor1 Year Manufacturer Warranty for Device and 6 Months Manufacturer Warranty for Inbox Accessories
"vivo V50 5G (Rose Red, 256 GB)","₹34,999",4.5,8 GB RAM | 256 GB ROM17.2 cm (6.77 inch) Display50MP + 50MP | 50MP Front Camera6000 mAh Battery7 Gen 3 Processor1 Year Manufacturer Warranty for Device and 6 Months Warranty for Inbox Accessories
"realme 15 Pro 5G (Velvet Green, 256 GB)","₹35,999",4.4,12 GB RAM | 256 GB ROM17.27 cm (6.8 inch) Display50MP + 50MP | 50MP Front Camera7000 mAh BatterySnapdragon 7 Gen 4 Processor1 Year Manufacturer Warranty for Device and 6 Months Manufacturer Warranty for Inbox Accessories
"Xiaomi 14 CIVI (Cruise Blue, 256 GB)","₹34,990",4.3,8 GB RAM | 256 GB ROM16.64 cm (6.55 inch) Display50MP Rear Camera | 32MP + 32MP Dual Front Camera4700 mAh Battery8s Gen 3 Mobile Platform Processor1 Year Manufacturer Warranty for Phone and 6 Months Warranty for In the Box Accessories
"vivo V50 5G (Titanium Grey, 256 GB)","₹34,999",4.5,8 GB RAM | 256 GB ROM17.2 cm (6.77 inch) Display50MP + 50MP | 50MP Front Camera6000 mAh Battery7 Gen 3 Processor1 Year Manufacturer Warranty for Device and 6 Months Warranty for Inbox Accessories
"vivo V50 5G (Rose Red, 128 GB)","₹32,999",4.5,8 GB RAM | 128 GB ROM17.2 cm (6.77 inch) Display50MP + 50MP | 50MP Front Camera6000 mAh Battery7 Gen 3 Processor1 Year Manufacturer Warranty for Device and 6 Months Warranty for Inbox Accessories
"vivo V50 5G (Starry Night, 256 GB)","₹33,490",4.5,8 GB RAM | 256 GB ROM17.2 cm (6.77 inch) Display50MP + 50MP | 50MP Front Camera6000 mAh Battery7 Gen 3 Processor1 Year Manufacturer Warranty for Device and 6 Months Warranty for Inbox Accessories
"vivo V50 5G (Starry Night, 256 GB)","₹32,498",4.5,8 GB RAM | 256 GB ROM17.2 cm (6.77 inch) Display50MP + 50MP | 50MP Front Camera6000 mAh Battery7 Gen 3 Processor1 Year Manufacturer Warranty for Device and 6 Months Warranty for Inbox Accessories
"vivo V60 5G (Auspicious Gold, 256 GB)","₹38,999",4.5,8 GB RAM | 256 GB ROM17.2 cm (6.77 inch) Display50MP + 8MP + 50MP | 50MP Front Camera6500 mAh Battery7 Gen 4 Processor1 Year Manufacturer Warranty for Device and 6 Months Manufacturer Warranty for Inbox Accessories
"OPPO RENO 13 5G (White / Ivory White, 128 GB)","₹35,889",4.2,8 GB RAM | 128 GB ROM16.74 cm (6.59 inch) Display50MP Rear Camera5600 mAh Battery1 Year Warranty on Handset and 6 Months Warranty on Accessories
"OPPO K13 Turbo Pro 5G (Silver Knight, 256 GB)","₹36,999",4.4,12 GB RAM | 256 GB ROM17.27 cm (6.8 inch) Full HD+ Display50MP + 2MP | 16MP Front Camera7000 mAh Battery8s Gen 4 Mobile Platform Processor1 Year Manufacturer Warranty for Device and 6 Months Manufacturer Warranty for Inbox Accessories
"vivo V60 5G (Mist Gray, 256 GB)","₹38,999",4.5,8 GB RAM | 256 GB ROM17.2 cm (6.77 inch) Display50MP + 8MP + 50MP | 50MP Front Camera6500 mAh Battery7 Gen 4 Processor1 Year Manufacturer Warranty for Device and 6 Months Manufacturer Warranty for Inbox Accessories
"Samsung Galaxy A56 5G (Awesome Light Gray, 256 GB)","₹39,599",4.4,8 GB RAM | 256 GB ROM17.02 cm (6.7 inch) Full HD+ Display50MP + 12MP + 5MP | 12MP Front Camera5000 mAh BatterySamsung Exynos 1580 Processor1 Year Manufacturer Warranty for Device and 6 Months for In-Box Accessories
"MOTOROLA Signature (PANTONE Martini Olive, 256 GB)","₹59,999",No Rating,12 GB RAM | 256 GB ROM17.27 cm (6.8 inch) Super HD Display50MP + 50MP + 50MP | 50MP Front Camera5200 mAh Battery8 Gen 5 Processor1 Year Warranty on Handset and 6 Months Warranty on Accessories
"MOTOROLA Signature (PANTONE Carbon, 256 GB)","₹59,999",No Rating,12 GB RAM | 256 GB ROM17.27 cm (6.8 inch) Super HD Display50MP + 50MP + 50MP | 50MP Front Camera5200 mAh Battery8 Gen 5 Processor1 Year Warranty on Handset and 6 Months Warranty on Accessories
"REDMI Note-14 Pro+ 5G (Titan Black, 512 GB)","₹33,995",4.4,12 GB RAM | 512 GB ROM16.94 cm (6.67 inch) Display50MP + 50MP + 8MP | 20MP Front Camera6200 mAh Battery7s Gen 3 Processor1 Year Manufacturer Warranty for Phone and 6 Months Warranty for In the Box Accessories
"OnePlus Nord 4 5G (Mercurial Silver, 256 GB)","₹35,999",4.5,12 GB RAM | 256 GB ROM17.12 cm (6.74 inch) Display50MP Rear Camera5500 mAh Battery1 Year
"OPPO K13 Turbo Pro 5G (Midnight Maverick, 256 GB)","₹36,999",4.4,12 GB RAM | 256 GB ROM17.27 cm (6.8 inch) Full HD+ Display50MP + 2MP | 16MP Front Camera7000 mAh Battery8s Gen 4 Mobile Platform Processor1 Year Manufacturer Warranty for Device and 6 Months Manufacturer Warranty for Inbox Accessories
"vivo V50 5G (Starry Night, 512 GB)","₹37,999",4.5,12 GB RAM | 512 GB ROM17.2 cm (6.77 inch) Display50MP + 50MP | 50MP Front Camera6000 mAh Battery7 Gen 3 Processor1 Year Manufacturer Warranty for Device and 6 Months Warranty for Inbox Accessories
"MOTOROLA Signature (PANTONE Martini Olive, 1 TB)","₹69,999",No Rating,16 GB RAM | 1 TB ROM17.27 cm (6.8 inch) Super HD Display50MP + 50MP + 50MP | 50MP Front Camera5200 mAh Battery8 Gen 5 Processor1 Year Warranty on Handset and 6 Months Warranty on Accessories
V-TAN Back Cover for Vivo V27 5G,₹247,3.7,Suitable For: MobileMaterial: Thermoplastic PolyurethaneTheme: No ThemeType: Back CoverNA
"Mi 10T (Cosmic Black, 128 GB)","₹35,999",4.2,6 GB RAM | 128 GB ROM16.94 cm (6.67 inch) Full HD+ Display64MP + 13MP + 5MP | 20MP Front Camera5000 mAh Li-ion Polymer BatteryQualcomm Snapdragon 865 Processor144Hz Intelligent AdaptiveSync Display33W Dual Split Flash Charge1 Year Manufacturer Warranty for Device and 6 Months Manufacturer Warranty for In-box Accessories
"OnePlus 12R (Cool Blue, 128 GB)","₹38,999",4.5,8 GB RAM | 128 GB ROM17.22 cm (6.78 inch) Display50MP Rear Camera5500 mAh Battery1 Year Brand Warranty
Zapcase Back Cover for Samsung Galaxy A55 5G,₹291,4.2,Suitable For: MobileMaterial: Thermoplastic PolyurethaneTheme: No ThemeType: Back Cover
"vivo V30 Pro 5G (Andaman Blue, 256 GB)","₹38,999",4.5,8 GB RAM | 256 GB ROM17.22 cm (6.78 inch) Full HD+ Display50MP + 50MP + 50MP | 50MP Front Camera5000 mAh BatteryDimensity 8200 5G Processor1 Year Manufacturer Warranty for Device and 6 Months Manufacturer Warranty for Inbox Accessories
"OnePlus 12R (Iron Gray, 128 GB)","₹36,999",4.5,8 GB RAM | 128 GB ROM17.22 cm (6.78 inch) Display50MP Rear Camera5500 mAh Battery1 Year Brand Warranty
"Samsung Galaxy A55 5G (Awesome Navy, 256 GB)","₹31,999",4.3,12 GB RAM | 256 GB ROM | Expandable Upto 1 TB16.76 cm (6.6 inch) Full HD+ Display50MP + 12MP + 5MP | 32MP Front Camera5000 mAh BatterySamsung Exynos 1480 Processor1 Year Manufacturer Warranty for Device and 6 Months for In-Box Accessories
"OnePlus 12R (Iron Gray, 256 GB)","₹37,999",4.5,"8 GB RAM | 256 GB ROM17.22 cm (6.78 inch) Display50MP Rear Camera5500 mAh Battery1 Year Warranty
1 year manufacturer warranty for device and 1 year manufacturer warranty for in-box accessories including batteries from the date of purchase"
"REDMI Note 13 Pro+ 5G (Fusion Black, 256 GB)","₹35,999",4.3,12 GB RAM | 256 GB ROM16.94 cm (6.67 inch) Display200MP (OIS) + 8MP + 2MP | 16MP Front Camera5000 mAh BatteryDimensity 7200 Ultra 5G Processor1 Year Manufacturer Warranty for Phone and 6 Months Warranty for In the Box Accessories
"Xiaomi 14 CIVI (Panda White, 512 GB)","₹59,999",4.3,12 GB RAM | 512 GB ROM16.64 cm (6.55 inch) Display50MP Rear Camera | 32MP + 32MP Dual Front Camera4700 mAh Battery8s Gen 3 Mobile Platform Processor1 Year Manufacturer Warranty for Phone and 6 Months Warranty for In the Box Accessories
"OPPO Reno11 5G (Rock Grey, 128 GB)","₹28,889",4.3,8 GB RAM | 128 GB ROM | Expandable Upto 2 TB17.02 cm (6.7 inch) Full HD+ Display50MP + 8MP + 32MP | 32MP Front Camera5000 mAh BatteryMediatek Dimensity 7050 Processor1 Year Manufacturer Warranty for Device and 6 Months Manufacturer Warranty for Inbox Accessories
"REDMI Note 14 Pro+ 5G (Titan Black, 512 GB)","₹39,890",4.4,12 GB RAM | 512 GB ROM16.94 cm (6.67 inch) Display50MP + 50MP + 8MP | 20MP Front Camera6200 mAh Battery7s Gen 3 Processor1 Year Manufacturer Warranty for Phone and 6 Months Warranty for In the Box Accessories
"OnePlus 10 Pro 5G (Volcanic Black, 128 GB)","₹36,999",4.2,8 GB RAM | 128 GB ROM17.02 cm (6.7 inch) Display48MP Rear Camera5000 mAh Battery1 Year Manufacturer Warranty for Handset and 6 Months Warranty for In the Box Accessories
"Samsung Galaxy A36 5G (Awesome White, 256 GB)","₹31,949",4.3,8 GB RAM | 256 GB ROM17.02 cm (6.7 inch) Full HD+ Display50MP + 8MP | 12MP Front Camera5000 mAh BatteryQualcomm Snapdragon 6 Gen 3 Processor1 Year Manufacturer Warranty for Device and 6 Months for In-Box Accessories
"OnePlus 10T 5G (Jade Green, 256 GB)","₹34,999",4.1,12 GB RAM | 256 GB ROM17.02 cm (6.7 inch) Display50MP Rear Camera4800 mAh Battery1 year manufacturer warranty for device and 6 months manufacturer warranty for in-box accessories including batteries from the date of purchase
"OnePlus 12R (Cool Blue, 256 GB)","₹39,999",4.5,"8 GB RAM | 256 GB ROM17.22 cm (6.78 inch) Display50MP Rear Camera5500 mAh Battery1 Year Warranty
1 year manufacturer warranty for device and 1 year manufacturer warranty for in-box accessories including batteries from the date of purchase"
"Samsung Galaxy A56 5G (Awesome Graphite, 128 GB)","₹38,990",4.4,8 GB RAM | 128 GB ROM17.02 cm (6.7 inch) Full HD+ Display50MP + 12MP + 5MP | 12MP Front Camera5000 mAh BatterySamsung Exynos 1580 Processor1 Year Manufacturer Warranty for Device and 6 Months for In-Box Accessories
"REDMI 14 CIVI (MATCHA GREEN, CRUISE BLUE, SHADOW BLACK, HOT PINK, 256 GB)","₹39,990",No Rating,8 GB RAM | 256 GB ROM16.64 cm (6.55 inch) Full HD+ AMOLED Display50MP Rear Camera4700 mAh Battery1 Year Manufacturer Warranty for Phone and 6 Months Warranty for In the Box Accessories
"Mi Mix 2 (Black, 128 GB)","₹37,999",4.3,6 GB RAM | 128 GB ROM15.21 cm (5.99 inch) Full HD+ Display12MP Rear Camera | 5MP Front Camera3400 mAh Li-polymer BatteryQualcomm Snapdragon 835 Octa Core 2.5 GHz ProcessorBrand Warranty of 1 Year Available for Mobile and 6 Months for Accessories
"MOTOROLA Signature (PANTONE Martini Olive, 256 GB)","₹59,999",No Rating,12 GB RAM | 256 GB ROM17.27 cm (6.8 inch) Super HD Display50MP + 50MP + 50MP | 50MP Front Camera5200 mAh Battery8 Gen 5 Processor1 Year Warranty on Handset and 6 Months Warranty on Accessories
"MOTOROLA Signature (PANTONE Carbon, 256 GB)","₹59,999",No Rating,12 GB RAM | 256 GB ROM17.27 cm (6.8 inch) Super HD Display50MP + 50MP + 50MP | 50MP Front Camera5200 mAh Battery8 Gen 5 Processor1 Year Warranty on Handset and 6 Months Warranty on Accessories
"Mi 10T (Cosmic Black, 128 GB)","₹37,999",4.1,8 GB RAM | 128 GB ROM16.94 cm (6.67 inch) Full HD+ Display64MP + 13MP + 5MP | 20MP Front Camera5000 mAh Li-ion Polymer BatteryQualcomm Snapdragon 865 Processor144Hz Intelligent AdaptiveSync Display33W Dual Split Flash Charge1 Year Manufacturer Warranty for Device and 6 Months Manufacturer Warranty for In-box Accessories
"Samsung Galaxy A53 (Awesome Black, 128 GB)","₹38,990",4.1,6 GB RAM | 128 GB ROM | Expandable Upto 1 TB16.51 cm (6.5 inch) Full HD+ Display64MP + 12MP + 5MP + 5MP | 32MP Front Camera5000 mAh Lithium Ion BatteryExynos Octa Core Processor Processor1 Year Manufacturer Warranty for Device and 6 Months Manufacturer Warranty for In-Box
"MOTOROLA Signature (PANTONE Martini Olive, 1 TB)","₹69,999",No Rating,16 GB RAM | 1 TB ROM17.27 cm (6.8 inch) Super HD Display50MP + 50MP + 50MP | 50MP Front Camera5200 mAh Battery8 Gen 5 Processor1 Year Warranty on Handset and 6 Months Warranty on Accessories
V-TAN Back Cover for Vivo V27 5G,₹247,3.7,Suitable For: MobileMaterial: Thermoplastic PolyurethaneTheme: No ThemeType: Back CoverNA
"OnePlus 10T 5G (Jade Green, 128 GB)","₹35,999",4.3,"8 GB RAM | 128 GB ROM17.02 cm (6.7 inch) Display50MP Rear Camera4800 mAh Battery1 year on phone, 6 months on accessories"
"Samsung Galaxy A34 5G (Awesome Lime, 128 GB)","₹22,690",4.3,"8 GB RAM | 128 GB ROM | Expandable Upto 1 TB16.76 cm (6.6 inch) Full HD+ Display48MP + 8MP + 5MP | 13MP Front Camera5000 mAh Li-ion Battery BatteryDimensity 1080, Octa Core Processor1 year manufacturer warranty for device and 6 months manufacturer warranty for in-box accessories"
"OnePlus 11R 5G (Galactic Silver, 256 GB)","₹34,880",4.5,16 GB RAM | 256 GB ROM17.02 cm (6.7 inch) Display50MP Rear Camera | 16MP Front Camera5000 mAh BatteryDomestic warranty of 12 months on phone & 6 months on accessories
"vivo V25 Pro 5G (Sailing Blue, 128 GB)","₹35,999",4.3,8 GB RAM | 128 GB ROM16.66 cm (6.56 inch) Full HD+ Display64MP + 8MP + 2MP | 32MP Front Camera4830 mAh Lithium BatteryMediatek Dimensity 1300 ProcessorColor Changing Fluorite AG Glass Design120 Hz 3D Curve Display1 Year on Handset and 6 Months on Accessories
"MOTOROLA Signature (PANTONE Carbon, 512 GB)","₹64,999",No Rating,16 GB RAM | 512 GB ROM17.27 cm (6.8 inch) Super HD Display50MP + 50MP + 50MP | 50MP Front Camera5200 mAh Battery8 Gen 5 Processor1 Year Warranty on Handset and 6 Months Warranty on Accessories
"vivo V25 Pro 5G (Pure Black, 128 GB)","₹29,999",4.3,8 GB RAM | 128 GB ROM16.66 cm (6.56 inch) Full HD+ Display64MP + 8MP + 2MP | 32MP Front Camera4830 mAh Lithium BatteryMediatek Dimensity 1300 ProcessorColor Changing Fluorite AG Glass Design120 Hz 3D Curve Display1 Year on Handset and 6 Months on Accessories
"Tecno Camon 30 Premier 5G (Lava Black, 512 GB)","₹39,999",4.1,12 GB RAM | 512 GB ROM | Expandable Upto 1 TB16.94 cm (6.67 inch) Display50MP + 50MP + 50MP | 50MP Front Camera5000 mAh BatteryDimensity 8200 5G Processor1 Year Manufacturer Warranty for Phone
"Tecno Camon 30 Premier 5G (Snowy Silver, 512 GB)","₹39,999",4.1,12 GB RAM | 512 GB ROM | Expandable Upto 1 TB16.94 cm (6.67 inch) Display50MP + 50MP + 50MP | 50MP Front Camera5000 mAh BatteryDimensity 8200 5G Processor1 Year Manufacturer Warranty for Phone
"OPPO Reno8T 5G (Midnight Black, 128 GB)","₹38,999",4.3,8 GB RAM | 128 GB ROM | Expandable Upto 1 TB17.02 cm (6.7 inch) Full HD+ Display108MP + 2MP + 2MP | 32MP Front Camera4800 mAh Lithium-ion Polymer BatteryQualcomm Snapdragon 695 Processor67W SUPERVOOC TM Charger I Dual Stereo Speakers120Hz 3D Curved AMOLED Screen1 Year on Handset and 6 Months on Accessories
"OPPO Reno8T 5G (Sunrise Gold, 128 GB)","₹26,999",4.3,8 GB RAM | 128 GB ROM | Expandable Upto 1 TB17.02 cm (6.7 inch) Full HD+ Display108MP + 2MP + 2MP | 32MP Front Camera4800 mAh Lithium-ion Polymer BatteryQualcomm Snapdragon 695 Processor67W SUPERVOOC TM Charger I Dual Stereo Speakers120Hz 3D Curved AMOLED Screen1 Year on Handset and 6 Months on Accessories
"vivo V23 Pro 5G (Sunshine Gold, 128 GB)","₹38,990",4.3,8 GB RAM | 128 GB ROM16.66 cm (6.56 inch) Full HD+ Display108MP + 8MP + 2MP | 50MP + 8MP Dual Front Camera4300 mAh Lithium BatteryMediatek Dimensity 1200 Processor1 Year Manufacturer Warranty for Phone and 6 Months Warranty for In the Box Accessories
"vivo V23 Pro 5G (Stardust Black, 128 GB)","₹28,418",4.3,8 GB RAM | 128 GB ROM | Expandable Upto 12 GB16.66 cm (6.56 inch) Full HD+ Display108MP + 8MP + 2MP | 50MP + 8MP Dual Front Camera4300 mAh Lithium BatteryMediatek Dimensity 1200 Processor1 Year Manufacturer Warranty for Phone and 6 Months Warranty for In the Box Accessories
"Samsung Galaxy S21 FE 5G with Snapdragon 888 (Lavender, 256 GB)","₹39,998",4.3,8 GB RAM | 256 GB ROM16.26 cm (6.4 inch) Full HD+ Display12MP + 12MP + 8MP (OIS) | 32MP Front Camera4500 mAh Lithium-ion BatterySnapdragon 888 Processor1 Year Manufacturer Warranty for Device and 6 Months Manufacturer Warranty for In-Box Accessories
"Samsung Galaxy F54 5G (Meteor Blue, 256 GB)","₹35,999",4.2,8 GB RAM | 256 GB ROM | Expandable Upto 1 TB17.02 cm (6.7 inch) Full HD+ Display108MP + 8MP + 2MP | 32MP Front Camera6000 mAh BatteryOcta Core Processor1 Year Manufacturer Warranty for Device and 6 Months Manufacturer Warranty for In-Box Accessories
"MOTOROLA Signature (PANTONE Martini Olive, 256 GB)","₹59,999",No Rating,12 GB RAM | 256 GB ROM17.27 cm (6.8 inch) Super HD Display50MP + 50MP + 50MP | 50MP Front Camera5200 mAh Battery8 Gen 5 Processor1 Year Warranty on Handset and 6 Months Warranty on Accessories
"MOTOROLA Signature (PANTONE Carbon, 256 GB)","₹59,999",No Rating,12 GB RAM | 256 GB ROM17.27 cm (6.8 inch) Super HD Display50MP + 50MP + 50MP | 50MP Front Camera5200 mAh Battery8 Gen 5 Processor1 Year Warranty on Handset and 6 Months Warranty on Accessories
"Samsung Galaxy A34 5G (Awesome Graphite, 256 GB)","₹39,499",4.3,"8 GB RAM | 256 GB ROM | Expandable Upto 1 TB16.76 cm (6.6 inch) Full HD+ Display48MP + 8MP + 5MP | 13MP Front Camera5000 mAh Li-ion Battery BatteryDimensity 1080, Octa Core Processor1 year manufacturer warranty for device and 6 months manufacturer warranty for in-box accessories"
"Apple iPhone SE (White, 64 GB)","₹39,900",4.5,"64 GB ROM11.94 cm (4.7 inch) Retina HD Display12MP Rear Camera | 7MP Front CameraA13 Bionic Chip with 3rd Gen Neural Engine ProcessorWater and Dust Resistant (1 meter for Upto 30 minutes, IP67)Fast Charge CapableWireless charging (Works with Qi Chargers | Qi Chargers are Sold Separately1 year warranty for phone and 1 year warranty for in Box Accessories."
"MOTOROLA Signature (PANTONE Martini Olive, 1 TB)","₹69,999",No Rating,16 GB RAM | 1 TB ROM17.27 cm (6.8 inch) Super HD Display50MP + 50MP + 50MP | 50MP Front Camera5200 mAh Battery8 Gen 5 Processor1 Year Warranty on Handset and 6 Months Warranty on Accessories
V-TAN Back Cover for Vivo V27 5G,₹247,3.7,Suitable For: MobileMaterial: Thermoplastic PolyurethaneTheme: No ThemeType: Back CoverNA
"Apple iPhone SE (Black, 64 GB)","₹39,900",4.5,"64 GB ROM11.94 cm (4.7 inch) Retina HD Display12MP Rear Camera | 7MP Front CameraA13 Bionic Chip with 3rd Gen Neural Engine ProcessorWater and Dust Resistant (1 meter for Upto 30 minutes, IP67)Fast Charge CapableWireless charging (Works with Qi Chargers | Qi Chargers are Sold Separately1 year warranty for phone and 1 year warranty for in Box Accessories."
"Apple iPhone SE (Red, 64 GB)","₹39,900",4.5,"64 GB ROM11.94 cm (4.7 inch) Retina HD Display12MP Rear Camera | 7MP Front CameraA13 Bionic Chip with 3rd Gen Neural Engine ProcessorWater and Dust Resistant (1 meter for Upto 30 minutes, IP67)Fast Charge CapableWireless charging (Works with Qi Chargers | Qi Chargers are Sold Separately1 year warranty for phone and 1 year warranty for in Box Accessories."
"Samsung Galaxy A34 5G (Awesome Violet, 128 GB)","₹35,499",4.3,"8 GB RAM | 128 GB ROM | Expandable Upto 1 TB16.76 cm (6.6 inch) Full HD+ Display48MP + 8MP + 5MP | 13MP Front Camera5000 mAh Li-ion Battery BatteryDimensity 1080, Octa Core Processor1 year manufacturer warranty for device and 6 months manufacturer warranty for in-box accessories"
"Lenovo Z6 Pro (Black, 128 GB)","₹39,999",3.8,8 GB RAM | 128 GB ROM | Expandable Upto 512 GB16.23 cm (6.39 inch) Full HD+ Display48MP + 2MP + 16MP + 8MP | 32MP Front Camera4000 mAh Li-polymer BatteryQualcomm SDM855 ProcessorBrand Warranty of 1 Year Available for Mobile and 6 Months for Accessories
Zapcase Back Cover for Samsung Galaxy A55 5G,₹291,4.2,Suitable For: MobileMaterial: Thermoplastic PolyurethaneTheme: No ThemeType: Back Cover
"OnePlus 10R (Sierra Black, 128 GB)","₹38,999",4.3,8 GB RAM | 128 GB ROM17.02 cm (6.7 inch) Display50MP Rear Camera | 16MP Front Camera5000 mAh Battery1 Year Manufacturer Warranty for Handset and 6 Months Warranty for In the Box Accessories
"vivo X50 (Glaze Black, 128 GB)","₹39,990",4.3,8 GB RAM | 128 GB ROM16.66 cm (6.56 inch) Full HD+ E3 Super AMOLED Display48MP + 13MP + 8MP + 5MP | 32MP Front Camera4200 mAh Lithium-ion BatteryQualcomm Snapdragon 730 Processor33W Vivo FlashCharge 2.01 Year for Handset and 6 Months for In-box Accessories
"vivo V27 5G (Magic Blue, 256 GB)","₹36,999",4.4,12 GB RAM | 256 GB ROM17.22 cm (6.78 Inch) Full HD+ AMOLED Display50MP (OIS) + 8MP + 2MP | 50MP Front Camera4600 mAh BatteryMediatek Dimensity 7200 5G Processor1 Year Brand Warranty
"Infinix Zero Ultra (Genesis Noir, 256 GB)","₹36,999",4,8 GB RAM | 256 GB ROM17.27 cm (6.8 inch) Full HD+ Display200MP + 13MP + 2MP | 32MP Front Camera4500 mAh Lithium-ion Polymer BatteryMediatek Dimensity 920 Processor1 Year on Handset and 6 Months on Accessories
"IQOO NEO9 PRO (Fiery Red, 256 GB)","₹39,984",4.5,12 GB RAM | 256 GB ROM17.22 cm (6.78 inch) Display50MP Rear Camera5160 mAh Battery1 Year
"IQOO 3 (Quantum Silver, 128 GB)","₹37,990",4.5,"8 GB RAM | 128 GB ROM16.36 cm (6.44 inch) Full HD+ Display48MP + 13MP + 13MP + 2MP | 16MP Front Camera4440 mAh Li-ion BatteryQualcomm Snapdragon 865 ProcessorIn-Display Fingerprint Sensor, Monster Touch Buttons55 W Super Flash ChargeSuper AMOLED DisplayBrand Warranty of 1 Year Available for Mobile and Accessories"
"MOTOROLA Edge 60 Fusion 5G (PANTONE Amazonite, 256 GB)","₹21,999",4.4,8 GB RAM | 256 GB ROM | Expandable Upto 1 TB16.94 cm (6.67 inch) Display50MP + 13MP | 32MP Front Camera5500 mAh BatteryDimensity 7400 Processor68W Charger1 Year Warranty on Handset and 6 Months Warranty on Accessories
"MOTOROLA Edge 60 Fusion 5G (PANTONE Amazonite, 256 GB)","₹23,999",4.4,12 GB RAM | 256 GB ROM | Expandable Upto 1 TB16.94 cm (6.67 inch) Display50MP + 13MP | 32MP Front Camera5500 mAh BatteryDimensity 7400 Processor68W Charger1 Year Warranty on Handset and 6 Months Warranty on Accessories
"MOTOROLA Edge 60 Fusion 5G (PANTONE Mykonos Blue, 256 GB)","₹23,999",4.4,12 GB RAM | 256 GB ROM | Expandable Upto 1 TB16.94 cm (6.67 inch) Display50MP + 13MP | 32MP Front Camera5500 mAh BatteryDimensity 7400 Processor68W Charger1 Year Warranty on Handset and 6 Months Warranty on Accessories
"V-TAN Back Cover for Vivo V27, Vivo V27 5G",₹260,3.9,Suitable For: MobileMaterial: Thermoplastic PolyurethaneTheme: No ThemeType: Back CoverNA
"POCO C75 5G (Silver Stardust, 64 GB)","₹8,299",4.2,4 GB RAM | 64 GB ROM | Expandable Upto 1 TB17.48 cm (6.88 inch) HD+ Display50MP Rear Camera | 5MP Front Camera5160 mAh Battery4s Gen 2 5G Processor1 Year Manufacturer Warranty for Phone and 6 Months Warranty for In the Box Accessories
"vivo T4 Lite 5G Charger in the Box (Prism Blue, 128 GB)","₹12,999",4.4,6 GB RAM | 128 GB ROM | Expandable Upto 2 TB17.12 cm (6.74 inch) HD+ Display50MP + 2MP | 5MP Front Camera6000 mAh BatteryDimensity 6300 5G Processor1 Year Manufacturer Warranty for Device and 6 Months Manufacturer Warranty for Inbox Accessories
"vivo T4 Lite 5G Charger in the Box (Titanium Gold, 128 GB)","₹12,999",4.4,6 GB RAM | 128 GB ROM | Expandable Upto 2 TB17.12 cm (6.74 inch) HD+ Display50MP + 2MP | 5MP Front Camera6000 mAh BatteryDimensity 6300 5G Processor1 Year Manufacturer Warranty for Device and 6 Months Manufacturer Warranty for Inbox Accessories
